Video,Evento,PCB,Start_Frame,End_Frame,duracion,Path,is_crime
Normal_Videos288_x264.mp4,Normal,0,0,3525,3525,../data/train/Normal_Videos288_x264.mp4,0
Fighting033_x264.mp4,Fighting,0,619,1105,1105,../data/train/Fighting033_x264.mp4,1
Normal_Videos053_x264.mp4,Normal,0,0,399,399,../data/train/Normal_Videos053_x264.mp4,0
Normal_Videos381_x264.mp4,Normal,0,0,2371,2371,../data/train/Normal_Videos381_x264.mp4,0
Robbery051_x264.mp4,Robbery,195,249,1594,1399,../data/train/Robbery051_x264.mp4,1
Shoplifting031_x264.mp4,Shoplifting,0,97,447,447,../data/train/Shoplifting031_x264.mp4,1
Normal_Videos149_x264.mp4,Normal,0,0,1021,1021,../data/train/Normal_Videos149_x264.mp4,0
Normal_Videos167_x264.mp4,Normal,0,0,1579,1579,../data/train/Normal_Videos167_x264.mp4,0
Normal_Videos264_x264.mp4,Normal,0,0,3900,3900,../data/train/Normal_Videos264_x264.mp4,0
Normal_Videos054_x264.mp4,Normal,0,0,1976,1976,../data/train/Normal_Videos054_x264.mp4,0
Abuse034_x264.mp4,Abuse,136,389,814,678,../data/train/Abuse034_x264.mp4,1
Burglary024_x264.mp4,Burglary,0,104,1335,1335,../data/train/Burglary024_x264.mp4,1
Robbery017_x264.mp4,Robbery,0,1313,3542,3542,../data/train/Robbery017_x264.mp4,1
Stealing014_x264.mp4,Stealing,0,186,2605,2605,../data/train/Stealing014_x264.mp4,1
Normal_Videos230_x264.mp4,Normal,0,0,480,480,../data/train/Normal_Videos230_x264.mp4,0
Normal_Videos314_x264.mp4,Normal,0,0,1135,1135,../data/train/Normal_Videos314_x264.mp4,0
Robbery088_x264.mp4,Robbery,0,248,3601,3601,../data/train/Robbery088_x264.mp4,1
Arson016_x264.mp4,Arson,0,92,769,769,../data/train/Arson016_x264.mp4,1
Normal_Videos032_x264.mp4,Normal,0,0,835,835,../data/train/Normal_Videos032_x264.mp4,0
Normal_Videos222_x264.mp4,Normal,0,0,949,949,../data/train/Normal_Videos222_x264.mp4,0
Fighting017_x264.mp4,Fighting,0,542,1304,1304,../data/train/Fighting017_x264.mp4,1
Fighting004_x264.mp4,Fighting,0,202,3513,3513,../data/train/Fighting004_x264.mp4,1
Robbery070_x264.mp4,Robbery,0,65,591,591,../data/train/Robbery070_x264.mp4,1
Assault022_x264.mp4,Assault,0,98,923,923,../data/train/Assault022_x264.mp4,1
Normal_Videos315_x264.mp4,Normal,0,0,1531,1531,../data/train/Normal_Videos315_x264.mp4,0
Robbery146_x264.mp4,Robbery,0,116,727,727,../data/train/Robbery146_x264.mp4,1
Normal_Videos031_x264.mp4,Normal,0,0,3333,3333,../data/train/Normal_Videos031_x264.mp4,0
Fighting013_x264.mp4,Fighting,0,119,1434,1434,../data/train/Fighting013_x264.mp4,1
Normal_Videos353_x264.mp4,Normal,0,0,1206,1206,../data/train/Normal_Videos353_x264.mp4,0
Normal_Videos204_x264.mp4,Normal,0,0,824,824,../data/train/Normal_Videos204_x264.mp4,0
Normal_Videos433_x264.mp4,Normal,0,0,447,447,../data/train/Normal_Videos433_x264.mp4,0
Stealing091_x264.mp4,Stealing,0,343,599,599,../data/train/Stealing091_x264.mp4,1
Normal_Videos464_x264.mp4,Normal,0,0,5129,5129,../data/train/Normal_Videos464_x264.mp4,0
Robbery016_x264.mp4,Robbery,184,864,1430,1246,../data/train/Robbery016_x264.mp4,1
Shooting014_x264.mp4,Shooting,0,126,1400,1400,../data/train/Shooting014_x264.mp4,1
Burglary026_x264.mp4,Burglary,0,206,1454,1454,../data/train/Burglary026_x264.mp4,1
Normal_Videos419_x264.mp4,Normal,0,0,1212,1212,../data/train/Normal_Videos419_x264.mp4,0
Abuse015_x264.mp4,Abuse,1158,2993,4242,3084,../data/train/Abuse015_x264.mp4,1
Fighting019_x264.mp4,Fighting,488,695,2095,1607,../data/train/Fighting019_x264.mp4,1
Robbery044_x264.mp4,Robbery,0,189,468,468,../data/train/Robbery044_x264.mp4,1
Robbery125_x264.mp4,Robbery,4119,4519,5035,916,../data/train/Robbery125_x264.mp4,1
Normal_Videos454_x264.mp4,Normal,0,0,1814,1814,../data/train/Normal_Videos454_x264.mp4,0
Burglary092_x264.mp4,Burglary,0,319,625,625,../data/train/Burglary092_x264.mp4,1
Stealing017_x264.mp4,Stealing,257,378,912,655,../data/train/Stealing017_x264.mp4,1
Normal_Videos115_x264.mp4,Normal,0,0,299,299,../data/train/Normal_Videos115_x264.mp4,0
Normal_Videos305_x264.mp4,Normal,0,0,2550,2550,../data/train/Normal_Videos305_x264.mp4,0
Normal_Videos140_x264.mp4,Normal,0,0,1795,1795,../data/train/Normal_Videos140_x264.mp4,0
Abuse026_x264.mp4,Abuse,25,178,728,703,../data/train/Abuse026_x264.mp4,1
Fighting005_x264.mp4,Fighting,267,995,1577,1310,../data/train/Fighting005_x264.mp4,1
Vandalism002_x264.mp4,Vandalism,0,91,1841,1841,../data/train/Vandalism002_x264.mp4,1
Normal_Videos022_x264.mp4,Normal,0,0,385,385,../data/train/Normal_Videos022_x264.mp4,0
Arson002_x264.mp4,Arson,109,443,2899,2790,../data/train/Arson002_x264.mp4,1
Shoplifting016_x264.mp4,Shoplifting,0,331,1316,1316,../data/train/Shoplifting016_x264.mp4,1
Normal_Videos444_x264.mp4,Normal,0,0,854,854,../data/train/Normal_Videos444_x264.mp4,0
Assault012_x264.mp4,Assault,163,307,468,305,../data/train/Assault012_x264.mp4,1
Normal_Videos173_x264.mp4,Normal,0,0,600,600,../data/train/Normal_Videos173_x264.mp4,0
Normal_Videos235_x264.mp4,Normal,0,0,2244,2244,../data/train/Normal_Videos235_x264.mp4,0
Assault049_x264.mp4,Assault,318,389,576,258,../data/train/Assault049_x264.mp4,1
Normal_Videos466_x264.mp4,Normal,0,0,2064,2064,../data/train/Normal_Videos466_x264.mp4,0
Normal_Videos113_x264.mp4,Normal,0,0,694,694,../data/train/Normal_Videos113_x264.mp4,0
Normal_Videos096_x264.mp4,Normal,0,0,779,779,../data/train/Normal_Videos096_x264.mp4,0
Normal_Videos457_x264.mp4,Normal,0,0,1756,1756,../data/train/Normal_Videos457_x264.mp4,0
Normal_Videos013_x264.mp4,Normal,0,0,1212,1212,../data/train/Normal_Videos013_x264.mp4,0
Normal_Videos320_x264.mp4,Normal,0,0,1011,1011,../data/train/Normal_Videos320_x264.mp4,0
Assault025_x264.mp4,Assault,0,457,1160,1160,../data/train/Assault025_x264.mp4,1
Normal_Videos012_x264.mp4,Normal,0,0,2340,2340,../data/train/Normal_Videos012_x264.mp4,0
Normal_Videos040_x264.mp4,Normal,0,0,956,956,../data/train/Normal_Videos040_x264.mp4,0
Normal_Videos165_x264.mp4,Normal,0,0,288,288,../data/train/Normal_Videos165_x264.mp4,0
Robbery126_x264.mp4,Robbery,0,593,1153,1153,../data/train/Robbery126_x264.mp4,1
Stealing026_x264.mp4,Stealing,1128,1301,2433,1305,../data/train/Stealing026_x264.mp4,1
Normal_Videos011_x264.mp4,Normal,0,0,897,897,../data/train/Normal_Videos011_x264.mp4,0
Stealing018_x264.mp4,Stealing,0,149,1723,1723,../data/train/Stealing018_x264.mp4,1
Normal_Videos407_x264.mp4,Normal,0,0,510,510,../data/train/Normal_Videos407_x264.mp4,0
Robbery137_x264.mp4,Robbery,0,162,1981,1981,../data/train/Robbery137_x264.mp4,1
Arson031_x264.mp4,Arson,141,1044,1265,1124,../data/train/Arson031_x264.mp4,1
Fighting042_x264.mp4,Fighting,143,295,1302,1159,../data/train/Fighting042_x264.mp4,1
Vandalism017_x264.mp4,Vandalism,0,302,560,560,../data/train/Vandalism017_x264.mp4,1
Fighting024_x264.mp4,Fighting,0,104,2126,2126,../data/train/Fighting024_x264.mp4,1
Stealing113_x264.mp4,Stealing,0,665,1579,1579,../data/train/Stealing113_x264.mp4,1
Normal_Videos253_x264.mp4,Normal,0,0,516,516,../data/train/Normal_Videos253_x264.mp4,0
Robbery123_x264.mp4,Robbery,0,323,888,888,../data/train/Robbery123_x264.mp4,1
Normal_Videos482_x264.mp4,Normal,0,0,4339,4339,../data/train/Normal_Videos482_x264.mp4,0
Shoplifting052_x264.mp4,Shoplifting,253,911,2133,1880,../data/train/Shoplifting052_x264.mp4,1
Normal_Videos122_x264.mp4,Normal,0,0,1893,1893,../data/train/Normal_Videos122_x264.mp4,0
Stealing072_x264.mp4,Stealing,0,17,1327,1327,../data/train/Stealing072_x264.mp4,1
Normal_Videos216_x264.mp4,Normal,0,0,3420,3420,../data/train/Normal_Videos216_x264.mp4,0
Normal_Videos313_x264.mp4,Normal,0,0,1307,1307,../data/train/Normal_Videos313_x264.mp4,0
Vandalism036_x264.mp4,Vandalism,225,592,1266,1041,../data/train/Vandalism036_x264.mp4,1
Robbery112_x264.mp4,Robbery,377,603,983,606,../data/train/Robbery112_x264.mp4,1
Normal_Videos434_x264.mp4,Normal,0,0,1861,1861,../data/train/Normal_Videos434_x264.mp4,0
Normal_Videos156_x264.mp4,Normal,0,0,744,744,../data/train/Normal_Videos156_x264.mp4,0
Normal_Videos281_x264.mp4,Normal,0,0,345,345,../data/train/Normal_Videos281_x264.mp4,0
Normal_Videos349_x264.mp4,Normal,0,0,5340,5340,../data/train/Normal_Videos349_x264.mp4,0
Abuse011_x264.mp4,Abuse,321,679,3534,3213,../data/train/Abuse011_x264.mp4,1
Normal_Videos154_x264.mp4,Normal,0,0,742,742,../data/train/Normal_Videos154_x264.mp4,0
Normal_Videos132_x264.mp4,Normal,0,0,2627,2627,../data/train/Normal_Videos132_x264.mp4,0
Shoplifting042_x264.mp4,Shoplifting,0,2,28,28,../data/train/Shoplifting042_x264.mp4,1
Normal_Videos105_x264.mp4,Normal,0,0,716,716,../data/train/Normal_Videos105_x264.mp4,0
Stealing022_x264.mp4,Stealing,678,979,2459,1781,../data/train/Stealing022_x264.mp4,1
Robbery122_x264.mp4,Robbery,0,351,969,969,../data/train/Robbery122_x264.mp4,1
Normal_Videos474_x264.mp4,Normal,0,0,5691,5691,../data/train/Normal_Videos474_x264.mp4,0
Normal_Videos480_x264.mp4,Normal,0,0,2225,2225,../data/train/Normal_Videos480_x264.mp4,0
Normal_Videos403_x264.mp4,Normal,0,0,415,415,../data/train/Normal_Videos403_x264.mp4,0
Robbery033_x264.mp4,Robbery,0,116,950,950,../data/train/Robbery033_x264.mp4,1
Burglary010_x264.mp4,Burglary,2895,2937,5443,2548,../data/train/Burglary010_x264.mp4,1
Normal_Videos416_x264.mp4,Normal,0,0,1351,1351,../data/train/Normal_Videos416_x264.mp4,0
Normal_Videos055_x264.mp4,Normal,0,0,251,251,../data/train/Normal_Videos055_x264.mp4,0
Robbery023_x264.mp4,Robbery,95,187,991,896,../data/train/Robbery023_x264.mp4,1
Normal_Videos414_x264.mp4,Normal,0,0,527,527,../data/train/Normal_Videos414_x264.mp4,0
Assault005_x264.mp4,Assault,0,483,1093,1093,../data/train/Assault005_x264.mp4,1
Fighting031_x264.mp4,Fighting,942,2050,3817,2875,../data/train/Fighting031_x264.mp4,1
Assault036_x264.mp4,Assault,0,95,912,912,../data/train/Assault036_x264.mp4,1
Normal_Videos356_x264.mp4,Normal,0,0,631,631,../data/train/Normal_Videos356_x264.mp4,0
Robbery071_x264.mp4,Robbery,136,370,1328,1192,../data/train/Robbery071_x264.mp4,1
Arson005_x264.mp4,Arson,0,44,692,692,../data/train/Arson005_x264.mp4,1
Robbery115_x264.mp4,Robbery,0,157,1735,1735,../data/train/Robbery115_x264.mp4,1
Normal_Videos159_x264.mp4,Normal,0,0,1080,1080,../data/train/Normal_Videos159_x264.mp4,0
Robbery053_x264.mp4,Robbery,569,639,1099,530,../data/train/Robbery053_x264.mp4,1
Robbery028_x264.mp4,Robbery,0,191,1414,1414,../data/train/Robbery028_x264.mp4,1
Abuse028_x264.mp4,Abuse,55,146,440,385,../data/train/Abuse028_x264.mp4,1
Normal_Videos133_x264.mp4,Normal,0,0,4330,4330,../data/train/Normal_Videos133_x264.mp4,0
Vandalism027_x264.mp4,Vandalism,206,272,701,495,../data/train/Vandalism027_x264.mp4,1
Abuse009_x264.mp4,Abuse,133,305,938,805,../data/train/Abuse009_x264.mp4,1
Robbery090_x264.mp4,Robbery,761,838,2316,1555,../data/train/Robbery090_x264.mp4,1
Normal_Videos213_x264.mp4,Normal,0,0,1786,1786,../data/train/Normal_Videos213_x264.mp4,0
Normal_Videos233_x264.mp4,Normal,0,0,918,918,../data/train/Normal_Videos233_x264.mp4,0
Stealing009_x264.mp4,Stealing,94,1366,1614,1520,../data/train/Stealing009_x264.mp4,1
Robbery132_x264.mp4,Robbery,0,233,654,654,../data/train/Robbery132_x264.mp4,1
Burglary041_x264.mp4,Burglary,0,432,1764,1764,../data/train/Burglary041_x264.mp4,1
Normal_Videos116_x264.mp4,Normal,0,0,4531,4531,../data/train/Normal_Videos116_x264.mp4,0
Normal_Videos135_x264.mp4,Normal,0,0,1787,1787,../data/train/Normal_Videos135_x264.mp4,0
Normal_Videos180_x264.mp4,Normal,0,0,5520,5520,../data/train/Normal_Videos180_x264.mp4,0
Normal_Videos271_x264.mp4,Normal,0,0,1845,1845,../data/train/Normal_Videos271_x264.mp4,0
Robbery100_x264.mp4,Robbery,731,878,4168,3437,../data/train/Robbery100_x264.mp4,1
Robbery096_x264.mp4,Robbery,1616,2175,3710,2094,../data/train/Robbery096_x264.mp4,1
Normal_Videos324_x264.mp4,Normal,0,0,2639,2639,../data/train/Normal_Videos324_x264.mp4,0
Burglary017_x264.mp4,Burglary,0,86,721,721,../data/train/Burglary017_x264.mp4,1
Fighting016_x264.mp4,Fighting,0,24,2084,2084,../data/train/Fighting016_x264.mp4,1
Normal_Videos093_x264.mp4,Normal,0,0,1740,1740,../data/train/Normal_Videos093_x264.mp4,0
Normal_Videos240_x264.mp4,Normal,0,0,4174,4174,../data/train/Normal_Videos240_x264.mp4,0
Arson022_x264.mp4,Arson,250,1103,4203,3953,../data/train/Arson022_x264.mp4,1
Normal_Videos016_x264.mp4,Normal,0,0,3631,3631,../data/train/Normal_Videos016_x264.mp4,0
Normal_Videos200_x264.mp4,Normal,0,0,3706,3706,../data/train/Normal_Videos200_x264.mp4,0
Normal_Videos148_x264.mp4,Normal,0,0,625,625,../data/train/Normal_Videos148_x264.mp4,0
Robbery004_x264.mp4,Robbery,0,311,1343,1343,../data/train/Robbery004_x264.mp4,1
Robbery139_x264.mp4,Robbery,0,320,965,965,../data/train/Robbery139_x264.mp4,1
Robbery063_x264.mp4,Robbery,360,529,1428,1068,../data/train/Robbery063_x264.mp4,1
Normal_Videos119_x264.mp4,Normal,0,0,3869,3869,../data/train/Normal_Videos119_x264.mp4,0
Normal_Videos112_x264.mp4,Normal,0,0,816,816,../data/train/Normal_Videos112_x264.mp4,0
Shooting034_x264.mp4,Shooting,601,816,1263,662,../data/train/Shooting034_x264.mp4,1
Vandalism034_x264.mp4,Vandalism,629,917,1756,1127,../data/train/Vandalism034_x264.mp4,1
Normal_Videos340_x264.mp4,Normal,0,0,2679,2679,../data/train/Normal_Videos340_x264.mp4,0
Normal_Videos207_x264.mp4,Normal,0,0,2609,2609,../data/train/Normal_Videos207_x264.mp4,0
Normal_Videos303_x264.mp4,Normal,0,0,5343,5343,../data/train/Normal_Videos303_x264.mp4,0
Normal_Videos294_x264.mp4,Normal,0,0,940,940,../data/train/Normal_Videos294_x264.mp4,0
Robbery010_x264.mp4,Robbery,922,1101,2539,1617,../data/train/Robbery010_x264.mp4,1
Normal_Videos461_x264.mp4,Normal,0,0,1879,1879,../data/train/Normal_Videos461_x264.mp4,0
Robbery111_x264.mp4,Robbery,154,1002,2319,2165,../data/train/Robbery111_x264.mp4,1
Stealing006_x264.mp4,Stealing,871,2576,3172,2301,../data/train/Stealing006_x264.mp4,1
Normal_Videos088_x264.mp4,Normal,0,0,2477,2477,../data/train/Normal_Videos088_x264.mp4,0
Normal_Videos250_x264.mp4,Normal,0,0,3593,3593,../data/train/Normal_Videos250_x264.mp4,0
Shoplifting019_x264.mp4,Shoplifting,206,283,464,258,../data/train/Shoplifting019_x264.mp4,1
Normal_Videos306_x264.mp4,Normal,0,0,3961,3961,../data/train/Normal_Videos306_x264.mp4,0
Stealing110_x264.mp4,Stealing,324,633,1611,1287,../data/train/Stealing110_x264.mp4,1
Burglary036_x264.mp4,Burglary,0,115,1003,1003,../data/train/Burglary036_x264.mp4,1
Normal_Videos319_x264.mp4,Normal,0,0,1890,1890,../data/train/Normal_Videos319_x264.mp4,0
Normal_Videos194_x264.mp4,Normal,0,0,4141,4141,../data/train/Normal_Videos194_x264.mp4,0
Normal_Videos249_x264.mp4,Normal,0,0,621,621,../data/train/Normal_Videos249_x264.mp4,0
Normal_Videos410_x264.mp4,Normal,0,0,3984,3984,../data/train/Normal_Videos410_x264.mp4,0
Robbery035_x264.mp4,Robbery,3031,3141,4653,1622,../data/train/Robbery035_x264.mp4,1
Arson020_x264.mp4,Arson,368,1398,1725,1357,../data/train/Arson020_x264.mp4,1
Arson045_x264.mp4,Arson,32,550,1392,1360,../data/train/Arson045_x264.mp4,1
Arson040_x264.mp4,Arson,0,84,393,393,../data/train/Arson040_x264.mp4,1
Normal_Videos120_x264.mp4,Normal,0,0,1481,1481,../data/train/Normal_Videos120_x264.mp4,0
Normal_Videos256_x264.mp4,Normal,0,0,1896,1896,../data/train/Normal_Videos256_x264.mp4,0
Assault031_x264.mp4,Assault,147,204,518,371,../data/train/Assault031_x264.mp4,1
Normal_Videos429_x264.mp4,Normal,0,0,3434,3434,../data/train/Normal_Videos429_x264.mp4,0
Normal_Videos370_x264.mp4,Normal,0,0,4475,4475,../data/train/Normal_Videos370_x264.mp4,0
Vandalism008_x264.mp4,Vandalism,2927,3114,3602,675,../data/train/Vandalism008_x264.mp4,1
Assault033_x264.mp4,Assault,245,661,1278,1033,../data/train/Assault033_x264.mp4,1
Normal_Videos257_x264.mp4,Normal,0,0,1406,1406,../data/train/Normal_Videos257_x264.mp4,0
Burglary034_x264.mp4,Burglary,321,461,1114,793,../data/train/Burglary034_x264.mp4,1
Abuse024_x264.mp4,Abuse,335,635,1021,686,../data/train/Abuse024_x264.mp4,1
Normal_Videos336_x264.mp4,Normal,0,0,1285,1285,../data/train/Normal_Videos336_x264.mp4,0
Assault034_x264.mp4,Assault,723,1566,1796,1073,../data/train/Assault034_x264.mp4,1
Abuse040_x264.mp4,Abuse,470,1213,2418,1948,../data/train/Abuse040_x264.mp4,1
Normal_Videos379_x264.mp4,Normal,0,0,1082,1082,../data/train/Normal_Videos379_x264.mp4,0
Normal_Videos258_x264.mp4,Normal,0,0,1167,1167,../data/train/Normal_Videos258_x264.mp4,0
Arson024_x264.mp4,Arson,1268,1389,1461,193,../data/train/Arson024_x264.mp4,1
Normal_Videos239_x264.mp4,Normal,0,0,3554,3554,../data/train/Normal_Videos239_x264.mp4,0
Normal_Videos386_x264.mp4,Normal,0,0,4599,4599,../data/train/Normal_Videos386_x264.mp4,0
Assault042_x264.mp4,Assault,0,158,1988,1988,../data/train/Assault042_x264.mp4,1
Normal_Videos117_x264.mp4,Normal,0,0,1176,1176,../data/train/Normal_Videos117_x264.mp4,0
Normal_Videos162_x264.mp4,Normal,0,0,1169,1169,../data/train/Normal_Videos162_x264.mp4,0
Assault015_x264.mp4,Assault,0,444,1395,1395,../data/train/Assault015_x264.mp4,1
Normal_Videos085_x264.mp4,Normal,0,0,5172,5172,../data/train/Normal_Videos085_x264.mp4,0
Normal_Videos218_x264.mp4,Normal,0,0,1233,1233,../data/train/Normal_Videos218_x264.mp4,0
Normal_Videos394_x264.mp4,Normal,0,0,1830,1830,../data/train/Normal_Videos394_x264.mp4,0
Fighting030_x264.mp4,Fighting,263,799,1209,946,../data/train/Fighting030_x264.mp4,1
Normal_Videos146_x264.mp4,Normal,0,0,817,817,../data/train/Normal_Videos146_x264.mp4,0
Arson007_x264.mp4,Arson,902,1339,5812,4910,../data/train/Arson007_x264.mp4,1
Normal_Videos301_x264.mp4,Normal,0,0,1805,1805,../data/train/Normal_Videos301_x264.mp4,0
Normal_Videos302_x264.mp4,Normal,0,0,1804,1804,../data/train/Normal_Videos302_x264.mp4,0
Normal_Videos114_x264.mp4,Normal,0,0,1787,1787,../data/train/Normal_Videos114_x264.mp4,0
Normal_Videos374_x264.mp4,Normal,0,0,377,377,../data/train/Normal_Videos374_x264.mp4,0
Normal_Videos069_x264.mp4,Normal,0,0,923,923,../data/train/Normal_Videos069_x264.mp4,0
Normal_Videos229_x264.mp4,Normal,0,0,1827,1827,../data/train/Normal_Videos229_x264.mp4,0
Normal_Videos286_x264.mp4,Normal,0,0,329,329,../data/train/Normal_Videos286_x264.mp4,0
Normal_Videos178_x264.mp4,Normal,0,0,1028,1028,../data/train/Normal_Videos178_x264.mp4,0
Robbery105_x264.mp4,Robbery,0,560,1049,1049,../data/train/Robbery105_x264.mp4,1
Normal_Videos009_x264.mp4,Normal,0,0,740,740,../data/train/Normal_Videos009_x264.mp4,0
Assault011_x264.mp4,Assault,174,448,1521,1347,../data/train/Assault011_x264.mp4,1
Robbery024_x264.mp4,Robbery,0,156,2138,2138,../data/train/Robbery024_x264.mp4,1
Assault006_x264.mp4,Assault,127,1181,4422,4295,../data/train/Assault006_x264.mp4,1
Normal_Videos238_x264.mp4,Normal,0,0,3014,3014,../data/train/Normal_Videos238_x264.mp4,0
Robbery031_x264.mp4,Robbery,49,391,1028,979,../data/train/Robbery031_x264.mp4,1
Abuse001_x264.mp4,Abuse,237,327,397,160,../data/train/Abuse001_x264.mp4,1
Normal_Videos280_x264.mp4,Normal,0,0,2551,2551,../data/train/Normal_Videos280_x264.mp4,0
Abuse039_x264.mp4,Abuse,8356,11449,13062,4706,../data/train/Abuse039_x264.mp4,1
Stealing103_x264.mp4,Stealing,325,1016,5102,4777,../data/train/Stealing103_x264.mp4,1
Normal_Videos391_x264.mp4,Normal,0,0,4866,4866,../data/train/Normal_Videos391_x264.mp4,0
Normal_Videos155_x264.mp4,Normal,0,0,210,210,../data/train/Normal_Videos155_x264.mp4,0
Burglary066_x264.mp4,Burglary,0,135,1727,1727,../data/train/Burglary066_x264.mp4,1
Abuse006_x264.mp4,Abuse,203,397,2828,2625,../data/train/Abuse006_x264.mp4,1
Normal_Videos298_x264.mp4,Normal,0,0,3339,3339,../data/train/Normal_Videos298_x264.mp4,0
Normal_Videos299_x264.mp4,Normal,0,0,1419,1419,../data/train/Normal_Videos299_x264.mp4,0
Normal_Videos279_x264.mp4,Normal,0,0,4259,4259,../data/train/Normal_Videos279_x264.mp4,0
Normal_Videos127_x264.mp4,Normal,0,0,1789,1789,../data/train/Normal_Videos127_x264.mp4,0
Robbery012_x264.mp4,Robbery,314,358,749,435,../data/train/Robbery012_x264.mp4,1
Robbery018_x264.mp4,Robbery,235,254,2879,2644,../data/train/Robbery018_x264.mp4,1
Normal_Videos064_x264.mp4,Normal,0,0,2334,2334,../data/train/Normal_Videos064_x264.mp4,0
Abuse021_x264.mp4,Abuse,108,227,1270,1162,../data/train/Abuse021_x264.mp4,1
Shooting051_x264.mp4,Shooting,117,391,683,566,../data/train/Shooting051_x264.mp4,1
Shoplifting048_x264.mp4,Shoplifting,111,210,444,333,../data/train/Shoplifting048_x264.mp4,1
Arson017_x264.mp4,Arson,259,636,858,599,../data/train/Arson017_x264.mp4,1
Abuse013_x264.mp4,Abuse,0,53,1837,1837,../data/train/Abuse013_x264.mp4,1
Stealing047_x264.mp4,Stealing,77,617,965,888,../data/train/Stealing047_x264.mp4,1
Normal_Videos184_x264.mp4,Normal,0,0,1927,1927,../data/train/Normal_Videos184_x264.mp4,0
Normal_Videos411_x264.mp4,Normal,0,0,926,926,../data/train/Normal_Videos411_x264.mp4,0
Abuse029_x264.mp4,Abuse,0,59,300,300,../data/train/Abuse029_x264.mp4,1
Abuse018_x264.mp4,Abuse,1017,1646,2168,1151,../data/train/Abuse018_x264.mp4,1
Fighting006_x264.mp4,Fighting,0,306,752,752,../data/train/Fighting006_x264.mp4,1
Robbery003_x264.mp4,Robbery,0,346,984,984,../data/train/Robbery003_x264.mp4,1
Normal_Videos304_x264.mp4,Normal,0,0,2884,2884,../data/train/Normal_Videos304_x264.mp4,0
Normal_Videos241_x264.mp4,Normal,0,0,2341,2341,../data/train/Normal_Videos241_x264.mp4,0
Normal_Videos193_x264.mp4,Normal,0,0,3565,3565,../data/train/Normal_Videos193_x264.mp4,0
Fighting027_x264.mp4,Fighting,1169,2133,3336,2167,../data/train/Fighting027_x264.mp4,1
Normal_Videos344_x264.mp4,Normal,0,0,209,209,../data/train/Normal_Videos344_x264.mp4,0
Normal_Videos037_x264.mp4,Normal,0,0,449,449,../data/train/Normal_Videos037_x264.mp4,0
Normal_Videos367_x264.mp4,Normal,0,0,4695,4695,../data/train/Normal_Videos367_x264.mp4,0
Normal_Videos445_x264.mp4,Normal,0,0,2121,2121,../data/train/Normal_Videos445_x264.mp4,0
Robbery085_x264.mp4,Robbery,0,182,1874,1874,../data/train/Robbery085_x264.mp4,1
Normal_Videos265_x264.mp4,Normal,0,0,1329,1329,../data/train/Normal_Videos265_x264.mp4,0
Stealing042_x264.mp4,Stealing,0,97,4200,4200,../data/train/Stealing042_x264.mp4,1
Normal_Videos432_x264.mp4,Normal,0,0,3589,3589,../data/train/Normal_Videos432_x264.mp4,0
Vandalism012_x264.mp4,Vandalism,0,476,679,679,../data/train/Vandalism012_x264.mp4,1
Normal_Videos343_x264.mp4,Normal,0,0,860,860,../data/train/Normal_Videos343_x264.mp4,0
Normal_Videos297_x264.mp4,Normal,0,0,369,369,../data/train/Normal_Videos297_x264.mp4,0
Normal_Videos423_x264.mp4,Normal,0,0,5537,5537,../data/train/Normal_Videos423_x264.mp4,0
Robbery009_x264.mp4,Robbery,1000,1183,2971,1971,../data/train/Robbery009_x264.mp4,1
Fighting034_x264.mp4,Fighting,894,1694,3160,2266,../data/train/Fighting034_x264.mp4,1
Normal_Videos358_x264.mp4,Normal,0,0,1938,1938,../data/train/Normal_Videos358_x264.mp4,0
Normal_Videos438_x264.mp4,Normal,0,0,577,577,../data/train/Normal_Videos438_x264.mp4,0
Abuse012_x264.mp4,Abuse,55,399,2235,2180,../data/train/Abuse012_x264.mp4,1
Normal_Videos285_x264.mp4,Normal,0,0,1920,1920,../data/train/Normal_Videos285_x264.mp4,0
Arson009_x264.mp4,Arson,0,114,327,327,../data/train/Arson009_x264.mp4,1
Fighting020_x264.mp4,Fighting,0,41,1704,1704,../data/train/Fighting020_x264.mp4,1
Assault051_x264.mp4,Assault,204,281,577,373,../data/train/Assault051_x264.mp4,1
Robbery058_x264.mp4,Robbery,0,225,1591,1591,../data/train/Robbery058_x264.mp4,1
Normal_Videos221_x264.mp4,Normal,0,0,2229,2229,../data/train/Normal_Videos221_x264.mp4,0
Normal_Videos094_x264.mp4,Normal,0,0,1740,1740,../data/train/Normal_Videos094_x264.mp4,0
Shooting011_x264.mp4,Shooting,392,669,1558,1166,../data/train/Shooting011_x264.mp4,1
Normal_Videos390_x264.mp4,Normal,0,0,497,497,../data/train/Normal_Videos390_x264.mp4,0
Assault004_x264.mp4,Assault,535,853,3085,2550,../data/train/Assault004_x264.mp4,1
Normal_Videos074_x264.mp4,Normal,0,0,2040,2040,../data/train/Normal_Videos074_x264.mp4,0
Normal_Videos228_x264.mp4,Normal,0,0,1803,1803,../data/train/Normal_Videos228_x264.mp4,0
Normal_Videos195_x264.mp4,Normal,0,0,4755,4755,../data/train/Normal_Videos195_x264.mp4,0
Robbery047_x264.mp4,Robbery,0,56,1469,1469,../data/train/Robbery047_x264.mp4,1
Robbery038_x264.mp4,Robbery,0,462,1681,1681,../data/train/Robbery038_x264.mp4,1
Shooting030_x264.mp4,Shooting,329,552,1142,813,../data/train/Shooting030_x264.mp4,1
Shoplifting039_x264.mp4,Shoplifting,539,1741,2413,1874,../data/train/Shoplifting039_x264.mp4,1
Normal_Videos062_x264.mp4,Normal,0,0,1573,1573,../data/train/Normal_Videos062_x264.mp4,0
Abuse004_x264.mp4,Abuse,558,898,5779,5221,../data/train/Abuse004_x264.mp4,1
Normal_Videos366_x264.mp4,Normal,0,0,655,655,../data/train/Normal_Videos366_x264.mp4,0
Burglary087_x264.mp4,Burglary,114,767,2217,2103,../data/train/Burglary087_x264.mp4,1
Robbery007_x264.mp4,Robbery,0,845,1951,1951,../data/train/Robbery007_x264.mp4,1
Normal_Videos282_x264.mp4,Normal,0,0,4110,4110,../data/train/Normal_Videos282_x264.mp4,0
Normal_Videos468_x264.mp4,Normal,0,0,794,794,../data/train/Normal_Videos468_x264.mp4,0
Robbery056_x264.mp4,Robbery,0,108,2688,2688,../data/train/Robbery056_x264.mp4,1
Assault050_x264.mp4,Assault,0,85,623,623,../data/train/Assault050_x264.mp4,1
Stealing015_x264.mp4,Stealing,165,1219,1800,1635,../data/train/Stealing015_x264.mp4,1
Burglary088_x264.mp4,Burglary,0,134,1902,1902,../data/train/Burglary088_x264.mp4,1
Normal_Videos030_x264.mp4,Normal,0,0,4427,4427,../data/train/Normal_Videos030_x264.mp4,0
Normal_Videos389_x264.mp4,Normal,0,0,3446,3446,../data/train/Normal_Videos389_x264.mp4,0
Normal_Videos443_x264.mp4,Normal,0,0,1791,1791,../data/train/Normal_Videos443_x264.mp4,0
Normal_Videos372_x264.mp4,Normal,0,0,657,657,../data/train/Normal_Videos372_x264.mp4,0
Normal_Videos311_x264.mp4,Normal,0,0,2547,2547,../data/train/Normal_Videos311_x264.mp4,0
Robbery066_x264.mp4,Robbery,0,111,1186,1186,../data/train/Robbery066_x264.mp4,1
Normal_Videos227_x264.mp4,Normal,0,0,1657,1657,../data/train/Normal_Videos227_x264.mp4,0
Normal_Videos160_x264.mp4,Normal,0,0,3600,3600,../data/train/Normal_Videos160_x264.mp4,0
Normal_Videos380_x264.mp4,Normal,0,0,3209,3209,../data/train/Normal_Videos380_x264.mp4,0
Normal_Videos243_x264.mp4,Normal,0,0,1827,1827,../data/train/Normal_Videos243_x264.mp4,0
Fighting009_x264.mp4,Fighting,735,1575,1999,1264,../data/train/Fighting009_x264.mp4,1
Robbery020_x264.mp4,Robbery,1009,1498,3027,2018,../data/train/Robbery020_x264.mp4,1
Arson003_x264.mp4,Arson,0,96,964,964,../data/train/Arson003_x264.mp4,1
Normal_Videos295_x264.mp4,Normal,0,0,843,843,../data/train/Normal_Videos295_x264.mp4,0
Stealing104_x264.mp4,Stealing,92,802,3151,3059,../data/train/Stealing104_x264.mp4,1
Normal_Videos427_x264.mp4,Normal,0,0,1722,1722,../data/train/Normal_Videos427_x264.mp4,0
Normal_Videos368_x264.mp4,Normal,0,0,891,891,../data/train/Normal_Videos368_x264.mp4,0
Normal_Videos043_x264.mp4,Normal,0,0,1732,1732,../data/train/Normal_Videos043_x264.mp4,0
Robbery145_x264.mp4,Robbery,0,102,1342,1342,../data/train/Robbery145_x264.mp4,1
Assault002_x264.mp4,Assault,0,195,1726,1726,../data/train/Assault002_x264.mp4,1
Normal_Videos209_x264.mp4,Normal,0,0,633,633,../data/train/Normal_Videos209_x264.mp4,0
Normal_Videos267_x264.mp4,Normal,0,0,3277,3277,../data/train/Normal_Videos267_x264.mp4,0
Normal_Videos428_x264.mp4,Normal,0,0,855,855,../data/train/Normal_Videos428_x264.mp4,0
Normal_Videos169_x264.mp4,Normal,0,0,1554,1554,../data/train/Normal_Videos169_x264.mp4,0
Robbery054_x264.mp4,Robbery,229,455,1960,1731,../data/train/Robbery054_x264.mp4,1
Burglary049_x264.mp4,Burglary,0,46,561,561,../data/train/Burglary049_x264.mp4,1
Normal_Videos038_x264.mp4,Normal,0,0,2971,2971,../data/train/Normal_Videos038_x264.mp4,0
Fighting028_x264.mp4,Fighting,0,329,1794,1794,../data/train/Fighting028_x264.mp4,1
Normal_Videos008_x264.mp4,Normal,0,0,2567,2567,../data/train/Normal_Videos008_x264.mp4,0
Arson010_x264.mp4,Arson,291,544,1022,731,../data/train/Arson010_x264.mp4,1
Normal_Videos357_x264.mp4,Normal,0,0,1800,1800,../data/train/Normal_Videos357_x264.mp4,0
Normal_Videos073_x264.mp4,Normal,0,0,1628,1628,../data/train/Normal_Videos073_x264.mp4,0
Normal_Videos300_x264.mp4,Normal,0,0,1487,1487,../data/train/Normal_Videos300_x264.mp4,0
Robbery029_x264.mp4,Robbery,849,912,1814,965,../data/train/Robbery029_x264.mp4,1
Robbery008_x264.mp4,Robbery,0,623,2257,2257,../data/train/Robbery008_x264.mp4,1
Normal_Videos004_x264.mp4,Normal,0,0,917,917,../data/train/Normal_Videos004_x264.mp4,0
Normal_Videos255_x264.mp4,Normal,0,0,3600,3600,../data/train/Normal_Videos255_x264.mp4,0
Normal_Videos039_x264.mp4,Normal,0,0,1792,1792,../data/train/Normal_Videos039_x264.mp4,0
Shoplifting025_x264.mp4,Shoplifting,0,457,1824,1824,../data/train/Shoplifting025_x264.mp4,1
Robbery036_x264.mp4,Robbery,332,577,1125,793,../data/train/Robbery036_x264.mp4,1
Fighting021_x264.mp4,Fighting,0,1137,2698,2698,../data/train/Fighting021_x264.mp4,1
Burglary013_x264.mp4,Burglary,0,223,2062,2062,../data/train/Burglary013_x264.mp4,1
Assault030_x264.mp4,Assault,675,773,1573,898,../data/train/Assault030_x264.mp4,1
Shoplifting029_x264.mp4,Shoplifting,206,1015,1524,1318,../data/train/Shoplifting029_x264.mp4,1
Normal_Videos441_x264.mp4,Normal,0,0,1566,1566,../data/train/Normal_Videos441_x264.mp4,0
Robbery014_x264.mp4,Robbery,3153,3871,7243,4090,../data/train/Robbery014_x264.mp4,1
Normal_Videos099_x264.mp4,Normal,0,0,2075,2075,../data/train/Normal_Videos099_x264.mp4,0
Fighting038_x264.mp4,Fighting,106,339,803,697,../data/train/Fighting038_x264.mp4,1
Normal_Videos081_x264.mp4,Normal,0,0,1623,1623,../data/train/Normal_Videos081_x264.mp4,0
Robbery101_x264.mp4,Robbery,300,1232,2367,2067,../data/train/Robbery101_x264.mp4,1
Normal_Videos437_x264.mp4,Normal,0,0,2892,2892,../data/train/Normal_Videos437_x264.mp4,0
Normal_Videos387_x264.mp4,Normal,0,0,760,760,../data/train/Normal_Videos387_x264.mp4,0
Vandalism035_x264.mp4,Vandalism,0,158,866,866,../data/train/Vandalism035_x264.mp4,1
Normal_Videos183_x264.mp4,Normal,0,0,1680,1680,../data/train/Normal_Videos183_x264.mp4,0
Normal_Videos291_x264.mp4,Normal,0,0,444,444,../data/train/Normal_Videos291_x264.mp4,0
Normal_Videos440_x264.mp4,Normal,0,0,825,825,../data/train/Normal_Videos440_x264.mp4,0
Fighting003_x264.mp4,Fighting,1361,1860,3102,1741,../data/train/Fighting003_x264.mp4,1
Normal_Videos181_x264.mp4,Normal,0,0,4136,4136,../data/train/Normal_Videos181_x264.mp4,0
Normal_Videos026_x264.mp4,Normal,0,0,2733,2733,../data/train/Normal_Videos026_x264.mp4,0
Normal_Videos145_x264.mp4,Normal,0,0,4504,4504,../data/train/Normal_Videos145_x264.mp4,0
Vandalism020_x264.mp4,Vandalism,201,542,990,789,../data/train/Vandalism020_x264.mp4,1
Assault026_x264.mp4,Assault,0,226,842,842,../data/train/Assault026_x264.mp4,1
Burglary091_x264.mp4,Burglary,114,604,3190,3076,../data/train/Burglary091_x264.mp4,1
Robbery045_x264.mp4,Robbery,1058,1286,2047,989,../data/train/Robbery045_x264.mp4,1
Arson015_x264.mp4,Arson,785,920,5819,5034,../data/train/Arson015_x264.mp4,1
Normal_Videos342_x264.mp4,Normal,0,0,4165,4165,../data/train/Normal_Videos342_x264.mp4,0
Normal_Videos242_x264.mp4,Normal,0,0,1791,1791,../data/train/Normal_Videos242_x264.mp4,0
Normal_Videos373_x264.mp4,Normal,0,0,492,492,../data/train/Normal_Videos373_x264.mp4,0
Stealing065_x264.mp4,Stealing,448,718,3651,3203,../data/train/Stealing065_x264.mp4,1
Assault037_x264.mp4,Assault,270,550,787,517,../data/train/Assault037_x264.mp4,1
Robbery084_x264.mp4,Robbery,137,229,796,659,../data/train/Robbery084_x264.mp4,1
Burglary019_x264.mp4,Burglary,0,27,2539,2539,../data/train/Burglary019_x264.mp4,1
Burglary089_x264.mp4,Burglary,0,145,3258,3258,../data/train/Burglary089_x264.mp4,1
Stealing068_x264.mp4,Stealing,977,1470,2709,1732,../data/train/Stealing068_x264.mp4,1
Burglary011_x264.mp4,Burglary,0,87,1823,1823,../data/train/Burglary011_x264.mp4,1
Vandalism046_x264.mp4,Vandalism,683,835,1241,558,../data/train/Vandalism046_x264.mp4,1
Normal_Videos007_x264.mp4,Normal,0,0,985,985,../data/train/Normal_Videos007_x264.mp4,0
Assault001_x264.mp4,Assault,142,181,774,632,../data/train/Assault001_x264.mp4,1
Abuse038_x264.mp4,Abuse,0,261,436,436,../data/train/Abuse038_x264.mp4,1
Robbery149_x264.mp4,Robbery,0,147,938,938,../data/train/Robbery149_x264.mp4,1
Robbery042_x264.mp4,Robbery,125,1554,2116,1991,../data/train/Robbery042_x264.mp4,1
Normal_Videos066_x264.mp4,Normal,0,0,1008,1008,../data/train/Normal_Videos066_x264.mp4,0
Normal_Videos399_x264.mp4,Normal,0,0,3401,3401,../data/train/Normal_Videos399_x264.mp4,0
Robbery127_x264.mp4,Robbery,0,94,723,723,../data/train/Robbery127_x264.mp4,1
Abuse037_x264.mp4,Abuse,0,56,913,913,../data/train/Abuse037_x264.mp4,1
Normal_Videos060_x264.mp4,Normal,0,0,3072,3072,../data/train/Normal_Videos060_x264.mp4,0
Fighting049_x264.mp4,Fighting,0,131,1086,1086,../data/train/Fighting049_x264.mp4,1
Fighting026_x264.mp4,Fighting,359,488,931,572,../data/train/Fighting026_x264.mp4,1
Fighting025_x264.mp4,Fighting,0,633,2174,2174,../data/train/Fighting025_x264.mp4,1
Robbery072_x264.mp4,Robbery,174,311,1167,993,../data/train/Robbery072_x264.mp4,1
Normal_Videos278_x264.mp4,Normal,0,0,1935,1935,../data/train/Normal_Videos278_x264.mp4,0
Normal_Videos395_x264.mp4,Normal,0,0,480,480,../data/train/Normal_Videos395_x264.mp4,0
Normal_Videos143_x264.mp4,Normal,0,0,1789,1789,../data/train/Normal_Videos143_x264.mp4,0
Normal_Videos451_x264.mp4,Normal,0,0,2100,2100,../data/train/Normal_Videos451_x264.mp4,0
Assault029_x264.mp4,Assault,0,19,609,609,../data/train/Assault029_x264.mp4,1
Normal_Videos409_x264.mp4,Normal,0,0,3688,3688,../data/train/Normal_Videos409_x264.mp4,0
Normal_Videos293_x264.mp4,Normal,0,0,499,499,../data/train/Normal_Videos293_x264.mp4,0
Normal_Videos036_x264.mp4,Normal,0,0,1323,1323,../data/train/Normal_Videos036_x264.mp4,0
Normal_Videos121_x264.mp4,Normal,0,0,1158,1158,../data/train/Normal_Videos121_x264.mp4,0
Normal_Videos292_x264.mp4,Normal,0,0,4302,4302,../data/train/Normal_Videos292_x264.mp4,0
Robbery015_x264.mp4,Robbery,0,96,2644,2644,../data/train/Robbery015_x264.mp4,1
Normal_Videos290_x264.mp4,Normal,0,0,278,278,../data/train/Normal_Videos290_x264.mp4,0
Assault028_x264.mp4,Assault,359,624,1058,699,../data/train/Assault028_x264.mp4,1
Robbery005_x264.mp4,Robbery,251,348,862,611,../data/train/Robbery005_x264.mp4,1
Normal_Videos237_x264.mp4,Normal,0,0,1724,1724,../data/train/Normal_Videos237_x264.mp4,0
Fighting018_x264.mp4,Fighting,0,160,490,490,../data/train/Fighting018_x264.mp4,1
Abuse017_x264.mp4,Abuse,164,286,1907,1743,../data/train/Abuse017_x264.mp4,1
Normal_Videos192_x264.mp4,Normal,0,0,4021,4021,../data/train/Normal_Videos192_x264.mp4,0
Normal_Videos082_x264.mp4,Normal,0,0,1198,1198,../data/train/Normal_Videos082_x264.mp4,0
Vandalism030_x264.mp4,Vandalism,0,78,1376,1376,../data/train/Vandalism030_x264.mp4,1
Normal_Videos316_x264.mp4,Normal,0,0,1288,1288,../data/train/Normal_Videos316_x264.mp4,0
Stealing084_x264.mp4,Stealing,4637,5278,8375,3738,../data/train/Stealing084_x264.mp4,1
Abuse019_x264.mp4,Abuse,1079,1924,3508,2429,../data/train/Abuse019_x264.mp4,1
Shoplifting028_x264.mp4,Shoplifting,216,399,1180,964,../data/train/Shoplifting028_x264.mp4,1
Normal_Videos095_x264.mp4,Normal,0,0,1047,1047,../data/train/Normal_Videos095_x264.mp4,0
Normal_Videos170_x264.mp4,Normal,0,0,1086,1086,../data/train/Normal_Videos170_x264.mp4,0
Normal_Videos378_x264.mp4,Normal,0,0,470,470,../data/train/Normal_Videos378_x264.mp4,0
Burglary044_x264.mp4,Burglary,0,614,3301,3301,../data/train/Burglary044_x264.mp4,1
Robbery094_x264.mp4,Robbery,0,51,386,386,../data/train/Robbery094_x264.mp4,1
Normal_Videos005_x264.mp4,Normal,0,0,386,386,../data/train/Normal_Videos005_x264.mp4,0
Arson041_x264.mp4,Arson,66,2090,2963,2897,../data/train/Arson041_x264.mp4,1
Arson014_x264.mp4,Arson,372,745,1077,705,../data/train/Arson014_x264.mp4,1
Robbery077_x264.mp4,Robbery,0,69,689,689,../data/train/Robbery077_x264.mp4,1
Robbery120_x264.mp4,Robbery,0,223,815,815,../data/train/Robbery120_x264.mp4,1
Normal_Videos268_x264.mp4,Normal,0,0,1970,1970,../data/train/Normal_Videos268_x264.mp4,0
Robbery057_x264.mp4,Robbery,0,100,2145,2145,../data/train/Robbery057_x264.mp4,1
Normal_Videos321_x264.mp4,Normal,0,0,453,453,../data/train/Normal_Videos321_x264.mp4,0
Stealing002_x264.mp4,Stealing,646,940,2691,2045,../data/train/Stealing002_x264.mp4,1
Normal_Videos157_x264.mp4,Normal,0,0,203,203,../data/train/Normal_Videos157_x264.mp4,0
Normal_Videos118_x264.mp4,Normal,0,0,948,948,../data/train/Normal_Videos118_x264.mp4,0
Robbery106_x264.mp4,Robbery,303,562,696,393,../data/train/Robbery106_x264.mp4,1
Normal_Videos465_x264.mp4,Normal,0,0,2971,2971,../data/train/Normal_Videos465_x264.mp4,0
Normal_Videos108_x264.mp4,Normal,0,0,1772,1772,../data/train/Normal_Videos108_x264.mp4,0
Arson032_x264.mp4,Arson,0,156,583,583,../data/train/Arson032_x264.mp4,1
Normal_Videos318_x264.mp4,Normal,0,0,1300,1300,../data/train/Normal_Videos318_x264.mp4,0
Stealing011_x264.mp4,Stealing,0,1667,3717,3717,../data/train/Stealing011_x264.mp4,1
Abuse022_x264.mp4,Abuse,0,199,2063,2063,../data/train/Abuse022_x264.mp4,1
Normal_Videos097_x264.mp4,Normal,0,0,4746,4746,../data/train/Normal_Videos097_x264.mp4,0
Normal_Videos398_x264.mp4,Normal,0,0,3740,3740,../data/train/Normal_Videos398_x264.mp4,0
Normal_Videos276_x264.mp4,Normal,0,0,4169,4169,../data/train/Normal_Videos276_x264.mp4,0
Normal_Videos400_x264.mp4,Normal,0,0,717,717,../data/train/Normal_Videos400_x264.mp4,0
Burglary077_x264.mp4,Burglary,0,396,1906,1906,../data/train/Burglary077_x264.mp4,1
Shoplifting007_x264.mp4,Shoplifting,205,549,1296,1091,../data/train/Shoplifting007_x264.mp4,1
Stealing095_x264.mp4,Stealing,101,427,751,650,../data/train/Stealing095_x264.mp4,1
Normal_Videos103_x264.mp4,Normal,0,0,742,742,../data/train/Normal_Videos103_x264.mp4,0
Abuse014_x264.mp4,Abuse,700,928,1391,691,../data/train/Abuse014_x264.mp4,1
Robbery002_x264.mp4,Robbery,0,316,1609,1609,../data/train/Robbery002_x264.mp4,1
Normal_Videos065_x264.mp4,Normal,0,0,866,866,../data/train/Normal_Videos065_x264.mp4,0
Robbery021_x264.mp4,Robbery,0,298,495,495,../data/train/Robbery021_x264.mp4,1
Normal_Videos376_x264.mp4,Normal,0,0,4556,4556,../data/train/Normal_Videos376_x264.mp4,0
Normal_Videos363_x264.mp4,Normal,0,0,4802,4802,../data/train/Normal_Videos363_x264.mp4,0
Normal_Videos252_x264.mp4,Normal,0,0,1803,1803,../data/train/Normal_Videos252_x264.mp4,0
Normal_Videos161_x264.mp4,Normal,0,0,5880,5880,../data/train/Normal_Videos161_x264.mp4,0
Abuse043_x264.mp4,Abuse,174,1034,1592,1418,../data/train/Abuse043_x264.mp4,1
Stealing108_x264.mp4,Stealing,193,2339,3967,3774,../data/train/Stealing108_x264.mp4,1
Normal_Videos142_x264.mp4,Normal,0,0,1871,1871,../data/train/Normal_Videos142_x264.mp4,0
Normal_Videos049_x264.mp4,Normal,0,0,5495,5495,../data/train/Normal_Videos049_x264.mp4,0
Shoplifting020_x264.mp4,Shoplifting,1836,2263,2603,767,../data/train/Shoplifting020_x264.mp4,1
Assault009_x264.mp4,Assault,421,480,797,376,../data/train/Assault009_x264.mp4,1
Normal_Videos412_x264.mp4,Normal,0,0,649,649,../data/train/Normal_Videos412_x264.mp4,0
Stealing112_x264.mp4,Stealing,0,909,2101,2101,../data/train/Stealing112_x264.mp4,1
Vandalism048_x264.mp4,Vandalism,2945,3064,5436,2491,../data/train/Vandalism048_x264.mp4,1
Normal_Videos017_x264.mp4,Normal,0,0,853,853,../data/train/Normal_Videos017_x264.mp4,0
Abuse005_x264.mp4,Abuse,210,717,933,723,../data/train/Abuse005_x264.mp4,1
Normal_Videos202_x264.mp4,Normal,0,0,2495,2495,../data/train/Normal_Videos202_x264.mp4,0
Normal_Videos477_x264.mp4,Normal,0,0,2016,2016,../data/train/Normal_Videos477_x264.mp4,0
Arson047_x264.mp4,Arson,366,462,620,254,../data/train/Arson047_x264.mp4,1
Robbery059_x264.mp4,Robbery,0,312,1401,1401,../data/train/Robbery059_x264.mp4,1
Robbery086_x264.mp4,Robbery,363,1216,3252,2889,../data/train/Robbery086_x264.mp4,1
Abuse003_x264.mp4,Abuse,351,951,3614,3263,../data/train/Abuse003_x264.mp4,1
Normal_Videos462_x264.mp4,Normal,0,0,3449,3449,../data/train/Normal_Videos462_x264.mp4,0
Normal_Videos029_x264.mp4,Normal,0,0,869,869,../data/train/Normal_Videos029_x264.mp4,0
Normal_Videos176_x264.mp4,Normal,0,0,5694,5694,../data/train/Normal_Videos176_x264.mp4,0
Normal_Videos234_x264.mp4,Normal,0,0,5400,5400,../data/train/Normal_Videos234_x264.mp4,0
Normal_Videos057_x264.mp4,Normal,0,0,3785,3785,../data/train/Normal_Videos057_x264.mp4,0
Normal_Videos083_x264.mp4,Normal,0,0,586,586,../data/train/Normal_Videos083_x264.mp4,0
Normal_Videos334_x264.mp4,Normal,0,0,829,829,../data/train/Normal_Videos334_x264.mp4,0
Normal_Videos322_x264.mp4,Normal,0,0,2211,2211,../data/train/Normal_Videos322_x264.mp4,0
Burglary072_x264.mp4,Burglary,55,164,471,416,../data/train/Burglary072_x264.mp4,1
Normal_Videos052_x264.mp4,Normal,0,0,320,320,../data/train/Normal_Videos052_x264.mp4,0
Normal_Videos413_x264.mp4,Normal,0,0,2423,2423,../data/train/Normal_Videos413_x264.mp4,0
Stealing107_x264.mp4,Stealing,0,1132,4374,4374,../data/train/Stealing107_x264.mp4,1
Stealing111_x264.mp4,Stealing,0,599,4712,4712,../data/train/Stealing111_x264.mp4,1
Normal_Videos354_x264.mp4,Normal,0,0,1795,1795,../data/train/Normal_Videos354_x264.mp4,0
Vandalism049_x264.mp4,Vandalism,137,340,844,707,../data/train/Vandalism049_x264.mp4,1
Arson035_x264.mp4,Arson,314,495,737,423,../data/train/Arson035_x264.mp4,1
Stealing087_x264.mp4,Stealing,0,102,4901,4901,../data/train/Stealing087_x264.mp4,1
Normal_Videos131_x264.mp4,Normal,0,0,1894,1894,../data/train/Normal_Videos131_x264.mp4,0
Fighting002_x264.mp4,Fighting,0,91,1111,1111,../data/train/Fighting002_x264.mp4,1
Robbery093_x264.mp4,Robbery,622,762,833,211,../data/train/Robbery093_x264.mp4,1
Robbery062_x264.mp4,Robbery,0,150,1883,1883,../data/train/Robbery062_x264.mp4,1
Normal_Videos219_x264.mp4,Normal,0,0,2670,2670,../data/train/Normal_Videos219_x264.mp4,0
Robbery025_x264.mp4,Robbery,51,181,814,763,../data/train/Robbery025_x264.mp4,1
Normal_Videos109_x264.mp4,Normal,0,0,1722,1722,../data/train/Normal_Videos109_x264.mp4,0
Normal_Videos023_x264.mp4,Normal,0,0,1769,1769,../data/train/Normal_Videos023_x264.mp4,0
Normal_Videos021_x264.mp4,Normal,0,0,1963,1963,../data/train/Normal_Videos021_x264.mp4,0
Normal_Videos147_x264.mp4,Normal,0,0,509,509,../data/train/Normal_Videos147_x264.mp4,0
Shooting028_x264.mp4,Shooting,0,227,477,477,../data/train/Shooting028_x264.mp4,1
Robbery032_x264.mp4,Robbery,1052,1098,1681,629,../data/train/Robbery032_x264.mp4,1
Abuse031_x264.mp4,Abuse,278,623,2375,2097,../data/train/Abuse031_x264.mp4,1
Robbery108_x264.mp4,Robbery,96,355,552,456,../data/train/Robbery108_x264.mp4,1
Normal_Videos110_x264.mp4,Normal,0,0,3132,3132,../data/train/Normal_Videos110_x264.mp4,0
Robbery026_x264.mp4,Robbery,4141,4267,6003,1862,../data/train/Robbery026_x264.mp4,1
Normal_Videos098_x264.mp4,Normal,0,0,3353,3353,../data/train/Normal_Videos098_x264.mp4,0
Shooting036_x264.mp4,Shooting,0,181,983,983,../data/train/Shooting036_x264.mp4,1
Stealing055_x264.mp4,Stealing,75,489,1618,1543,../data/train/Stealing055_x264.mp4,1
Normal_Videos269_x264.mp4,Normal,0,0,295,295,../data/train/Normal_Videos269_x264.mp4,0
Assault035_x264.mp4,Assault,0,110,827,827,../data/train/Assault035_x264.mp4,1
Vandalism045_x264.mp4,Vandalism,0,893,3967,3967,../data/train/Vandalism045_x264.mp4,1
Normal_Videos191_x264.mp4,Normal,0,0,3595,3595,../data/train/Normal_Videos191_x264.mp4,0
Normal_Videos361_x264.mp4,Normal,0,0,1423,1423,../data/train/Normal_Videos361_x264.mp4,0
Normal_Videos001_x264.mp4,Normal,0,0,544,544,../data/train/Normal_Videos001_x264.mp4,0
Normal_Videos197_x264.mp4,Normal,0,0,2465,2465,../data/train/Normal_Videos197_x264.mp4,0
Robbery121_x264.mp4,Robbery,0,1000,1402,1402,../data/train/Robbery121_x264.mp4,1
Normal_Videos341_x264.mp4,Normal,0,0,888,888,../data/train/Normal_Videos341_x264.mp4,0
Arson050_x264.mp4,Arson,0,103,900,900,../data/train/Arson050_x264.mp4,1
Abuse002_x264.mp4,Abuse,0,174,266,266,../data/train/Abuse002_x264.mp4,1
Normal_Videos232_x264.mp4,Normal,0,0,1495,1495,../data/train/Normal_Videos232_x264.mp4,0
Normal_Videos163_x264.mp4,Normal,0,0,3304,3304,../data/train/Normal_Videos163_x264.mp4,0
Burglary005_x264.mp4,Burglary,3720,4796,5212,1492,../data/train/Burglary005_x264.mp4,1
Normal_Videos436_x264.mp4,Normal,0,0,2105,2105,../data/train/Normal_Videos436_x264.mp4,0
Normal_Videos442_x264.mp4,Normal,0,0,1795,1795,../data/train/Normal_Videos442_x264.mp4,0
Robbery083_x264.mp4,Robbery,0,104,966,966,../data/train/Robbery083_x264.mp4,1
Robbery143_x264.mp4,Robbery,224,264,724,500,../data/train/Robbery143_x264.mp4,1
